experiment_id,phase,dataset_id,dataset_sha256,dataset_bytes,codec_kind,n_relations,n_independent,recovered_bits,total_encoded_bytes,payload_bits,relation_description_bits,header_bits,framing_bits,crc_bits,roundtrip_ok,encode_seconds,decode_seconds,discovery_seconds,best_baseline_bytes,deduction_gap_bytes,raw_gap_bytes,composition_gap_bytes,composition_gap_pct,verdict,git_commit,utc_timestamp,seed,baseline_gzip9_bytes,baseline_gzip9_seconds,baseline_zlib9_bytes,baseline_zlib9_seconds,baseline_bz2_9_bytes,baseline_bz2_9_seconds,baseline_xz9_bytes,baseline_xz9_seconds,baseline_zstd19_bytes,baseline_zstd19_seconds,baseline_brotli11_bytes,baseline_brotli11_seconds
nat_silesia_dickens_slice,natural_slice,silesia_dickens@slice262144,becc366f2948cfbaefb219df19f54b101a842737428b01c7538b871a35c3edf4,262144,GF2,31,225,253952,231339,1843200,7231,216,1,32,True,2.751548100000946,0.1634403999778442,2.751548100000946,77252,-154087,-154087,-47827,-0.6191037125252421,raw_gap-154087 comp_gap-47827,730df5d11d30354ead50fa5b6a0dc3077f821111-dirty,2026-08-29T14:28:46.488618+00:00,,98593,0.05239949998212978,98581,0.02735180000308901,77252,0.020750600000610575,85788,0.10759869997855276,86981,0.13133830000879243,82527,0.4926026999892201
nat_silesia_mozilla_slice,natural_slice,silesia_mozilla@slice262144,1baf584ca87856e51fada5fa257864019123d57aa8b9793c097eea145ee165a6,262144,PASSTHROUGH,0,2097152,0,262162,2097152,0,112,0,32,True,1.6484429000120144,0.28719979999004863,1.6484429000120144,111811,-150351,-150351,-54,-0.00048295784851222154,raw_gap-150351 no_deduction header_perturbation-54,730df5d11d30354ead50fa5b6a0dc3077f821111-dirty,2026-08-29T14:28:50.372199+00:00,,120596,0.041324300022097304,120584,0.037520299985772,122711,0.024615700007416308,113000,0.06975330002023838,113857,0.04740350000793114,111811,0.5728503999998793
nat_silesia_mr_slice,natural_slice,silesia_mr@slice262144,288236c90013320462fbe5864774054b26334be4ee59a8bde8a9797fbc9148f7,262144,PASSTHROUGH,0,2097152,0,262162,2097152,0,112,0,32,True,1.6186849999940023,0.24146750001818873,1.6186849999940023,55898,-206264,-206264,-119,-0.002128877598482951,raw_gap-206264 no_deduction header_perturbation-119,730df5d11d30354ead50fa5b6a0dc3077f821111-dirty,2026-08-29T14:28:54.505955+00:00,,79021,0.06559090001974255,79009,0.0639184000028763,55898,0.014458799996646121,61252,0.20009560001199134,70559,0.09905660001095384,62355,0.5950433000107296
nat_silesia_nci_slice,natural_slice,silesia_nci@slice262144,6f129b33bdf149bcdab85d1402a4f6aa4e81c0733f5fe76bb6f82bead260759e,262144,GF2,1,7,262144,229413,1835008,15,216,1,32,True,1.7738441999827046,0.010164000006625429,1.7738441999827046,14563,-214850,-214850,-11065,-0.7598022385497494,raw_gap-214850 comp_gap-11065,730df5d11d30354ead50fa5b6a0dc3077f821111-dirty,2026-08-29T14:28:58.202719+00:00,,22000,0.01643849999527447,21988,0.01817799999844283,14563,0.026570999994874,15944,0.12798279998241924,15907,0.2429491999791935,14884,0.5103279999748338
nat_silesia_ooffice_slice,natural_slice,silesia_ooffice@slice262144,41a8f0abe06c5c9e88665870be089e57c9b065bb3c27ac838cca48bcb793cb19,262144,PASSTHROUGH,0,2097152,0,262162,2097152,0,112,0,32,True,2.026534799981164,0.14231870000367053,2.026534799981164,123528,-138634,-138634,-16,-0.00012952528981283597,raw_gap-138634 no_deduction header_perturbation-16,730df5d11d30354ead50fa5b6a0dc3077f821111-dirty,2026-08-29T14:29:02.672097+00:00,,142495,0.02184199998737313,142483,0.022630499996012077,132783,0.020634899992728606,123528,0.09272019998752512,130469,0.07310609999694861,125697,0.8022740000160411
nat_silesia_osdb_slice,natural_slice,silesia_osdb@slice262144,dfafdca22a0cc7b551554126b88105a632275c0251164b07ca47633e97d91a11,262144,PASSTHROUGH,0,2097152,0,262162,2097152,0,112,0,32,True,2.1758809000020847,0.1361287000181619,2.1758809000020847,82475,-179687,-179687,-19,-0.00023037284025462262,raw_gap-179687 no_deduction header_perturbation-19,730df5d11d30354ead50fa5b6a0dc3077f821111-dirty,2026-08-29T14:29:06.861357+00:00,,98799,0.0121342999918852,98787,0.012887999997474253,82475,0.019437499984633178,84560,0.08382369999890216,91627,0.07900289999088272,83930,0.5976934999926016
nat_silesia_reymont_slice,natural_slice,silesia_reymont@slice262144,63949f06bead1d6e40964427389b88df91aaf71e8f908e2e40fb968db3d8f682,262144,GF2,1,7,262144,229413,1835008,15,216,1,32,True,2.310849999979837,0.01996190001955256,2.310849999979837,53158,-176255,-176255,-24988,-0.47007035629632415,raw_gap-176255 comp_gap-24988,730df5d11d30354ead50fa5b6a0dc3077f821111-dirty,2026-08-29T14:29:11.034504+00:00,,72353,0.06604760000482202,72341,0.07108160000643693,53158,0.018532799993408844,62048,0.14314030000241473,63402,0.12848059998941608,62041,0.4918967999983579
nat_silesia_samba_slice,natural_slice,silesia_samba@slice262144,21c5e99f13f8cac5e099fa4c8898831d3929b068e35cae2f1a4fa424f9804d7b,262144,PASSTHROUGH,0,2097152,0,262162,2097152,0,112,0,32,True,1.9856877999845892,0.22328750000451691,1.9856877999845892,153153,-109009,-109009,-45,-0.00029382382323558796,raw_gap-109009 no_deduction header_perturbation-45,730df5d11d30354ead50fa5b6a0dc3077f821111-dirty,2026-08-29T14:29:15.217967+00:00,,163070,0.01424560000305064,163058,0.013228600000729784,161546,0.02608809998491779,156704,0.07692970000789501,157923,0.09052099997643381,153153,0.7010562999930698
nat_silesia_sao_slice,natural_slice,silesia_sao@slice262144,2e897282e031856af823048d977bddaf54869d43dea72ba544bec003d353db3a,262144,PASSTHROUGH,0,2097152,0,262162,2097152,0,112,0,32,True,1.9557411999849137,0.14332740000099875,1.9557411999849137,167536,-94626,-94626,148,0.0008833922261484099,raw_gap-94626 no_deduction header_perturbation+148,730df5d11d30354ead50fa5b6a0dc3077f821111-dirty,2026-08-29T14:29:19.523771+00:00,,195943,0.03232959998422302,195931,0.03397789999144152,182638,0.032013799995183945,167536,0.09650099999271333,187928,0.06631559997913428,173425,0.7712398000003304
nat_silesia_webster_slice,natural_slice,silesia_webster@slice262144,357ddb5945737ae814b8e6f5eb83fb1abe2d1a4cb9d76f4104a3e258f19f2208,262144,GF2,1,7,262144,229413,1835008,15,216,1,32,True,2.3367743999988306,0.015132400003494695,2.3367743999988306,62139,-167274,-167274,-37157,-0.5979658507539548,raw_gap-167274 comp_gap-37157,730df5d11d30354ead50fa5b6a0dc3077f821111-dirty,2026-08-29T14:29:23.664865+00:00,,79166,0.02083279998623766,79154,0.020103499991819263,62139,0.02112489999854006,69508,0.10070389998145401,70631,0.10984600000665523,65448,0.49473419997957535
nat_silesia_x-ray_slice,natural_slice,silesia_x-ray@slice262144,51c0a846c6cbe121f3f734d32100d60fd8bdd5b79ea9506d72608665e5fef7b1,262144,GF2,58,198,475136,204255,1622016,11740,216,4,32,True,2.6071052000042982,0.13980820000870153,2.6071052000042982,129632,-74623,-74623,-57729,-0.4453298568254752,raw_gap-74623 comp_gap-57729,730df5d11d30354ead50fa5b6a0dc3077f821111-dirty,2026-08-29T14:29:28.597214+00:00,,182634,0.012212500005261973,182622,0.011413900007028133,129632,0.017464400007156655,137292,0.07931529998313636,165393,0.10620989999733865,141029,0.9157672000001185
nat_silesia_xml_slice,natural_slice,silesia_xml@slice262144,f2bbde07c2061c09fa41e4d4998c07847fbcc23d4ab166ca105a7f66ac8cd37b,262144,GF2,1,7,262144,229413,1835008,15,216,1,32,True,2.2781675000151154,0.010056600003736094,2.2781675000151154,11559,-217854,-217854,-17365,-1.502292585863829,raw_gap-217854 comp_gap-17365,730df5d11d30354ead50fa5b6a0dc3077f821111-dirty,2026-08-29T14:29:32.345637+00:00,,16115,0.010445899999467656,16103,0.010468599997693673,11559,0.0235677000018768,13060,0.06754109999747016,12994,0.15678310001385398,11799,0.38597370000206865
nat_enwik8_slice,natural_slice,enwik8@slice262144,0cdfd008d5327addbf5b118b4a8d616a8cc2971627727b10bfb20e97920881e7,262144,PASSTHROUGH,0,2097152,0,262162,2097152,0,112,0,32,True,1.9315485999977682,0.22036380000645295,1.9315485999977682,73306,-188856,-188856,-39,-0.0005320164788693968,raw_gap-188856 no_deduction header_perturbation-39,730df5d11d30354ead50fa5b6a0dc3077f821111-dirty,2026-08-29T14:29:36.510580+00:00,,90519,0.030357300012838095,90507,0.02348800000618212,75951,0.03313149997848086,79120,0.10792710000532679,81801,0.09193860000232235,73306,0.6423688999784645
nat_sdrbench_exaalt_vx_slice,natural_slice,sdrbench_exaalt2869440_vx.f32@slice262144,4a7274ecf55ef46c2c9315898e87ecaa1604ba2478338046366856ad6cd872a2,262144,GF2,3,29,196608,237619,1900544,122,216,6,32,True,2.086177499993937,0.017320399987511337,2.086177499993937,226805,-10814,-10814,-10819,-0.04770177024316043,raw_gap-10814 comp_gap-10819,730df5d11d30354ead50fa5b6a0dc3077f821111-dirty,2026-08-29T14:29:40.662373+00:00,,241886,0.014516999974148348,241874,0.014764399995328858,226805,0.028239699982805178,231732,0.07540180001524277,237689,0.0373925999738276,238394,0.6113606999861076
nat_sdrbench_exaalt_vy_slice,natural_slice,sdrbench_exaalt2869440_vy.f32@slice262144,048529c77afa1110a4c2171c4fbc89a45ea4547547d1468597081a75d08e73e7,262144,GF2,3,29,196608,237619,1900544,122,216,6,32,True,2.4167474000132643,0.021581899985903874,2.4167474000132643,226808,-10811,-10811,-10816,-0.04768791224295439,raw_gap-10811 comp_gap-10816,730df5d11d30354ead50fa5b6a0dc3077f821111-dirty,2026-08-29T14:29:45.265534+00:00,,241902,0.01506800000788644,241890,0.012989000009838492,226808,0.028700700000626966,232408,0.08462329997564666,237721,0.08462909999070689,238467,0.7840282999968622
nat_sdrbench_exaalt_vz_slice,natural_slice,sdrbench_exaalt2869440_vz.f32@slice262144,97aa02f7015b4d0f17a376152e51208e1d45021d67341c1bc33e016a0f93d472,262144,GF2,3,29,196608,237619,1900544,122,216,6,32,True,2.1890966999926604,0.016966900002444163,2.1890966999926604,226655,-10964,-10964,-10969,-0.04839513798504335,raw_gap-10964 comp_gap-10969,730df5d11d30354ead50fa5b6a0dc3077f821111-dirty,2026-08-29T14:29:49.799201+00:00,,242037,0.013810700009344146,242025,0.014278499991632998,226655,0.032019799982663244,232256,0.07599420001497492,237691,0.05506420001620427,238531,0.6366361000109464
nat_sdrbench_exaalt_xx_slice,natural_slice,sdrbench_exaalt2869440_xx.f32@slice262144,e606d0bd9463c442aebf3d6ba72ef2290e92d564c0b7cedc0512135244dabd83,262144,GF2,3,29,196608,237619,1900544,122,216,6,32,True,2.0941829000075813,0.018485700013116002,2.0941829000075813,224585,-13034,-13034,-11576,-0.05154395885744818,raw_gap-13034 comp_gap-11576,730df5d11d30354ead50fa5b6a0dc3077f821111-dirty,2026-08-29T14:29:54.459101+00:00,,242461,0.014444900007219985,242449,0.022101499984273687,224585,0.06255969998892397,227868,0.14244630001485348,237132,0.06825340000796132,234663,0.5572426000144333
nat_sdrbench_exaalt_yy_slice,natural_slice,sdrbench_exaalt2869440_yy.f32@slice262144,faa41a228bd98532d74417ab24464a9dd7009ecdbc2d7c6c35e22d75f22b77b6,262144,GF2,29,227,237568,233342,1859584,6868,216,4,32,True,2.4260424000094645,0.09229110000887886,2.4260424000094645,187128,-46214,-46214,-44290,-0.23668291223120003,raw_gap-46214 comp_gap-44290,730df5d11d30354ead50fa5b6a0dc3077f821111-dirty,2026-08-29T14:29:59.202724+00:00,,220881,0.013762900023721159,220869,0.013210499979322776,187128,0.026591200003167614,187944,0.0973093000066001,205318,0.051545900001656264,217730,0.7160911000100896
nat_sdrbench_exaalt_zz_slice,natural_slice,sdrbench_exaalt2869440_zz.f32@slice262144,145a27d495fb529df112cd9422333cb07aec58147a4a7752251e439d269b1a1c,262144,GF2,3,29,196608,237619,1900544,122,216,6,32,True,2.2586126000096556,0.025063599983695894,2.2586126000096556,215238,-22381,-22381,-22336,-0.10377349724491028,raw_gap-22381 comp_gap-22336,730df5d11d30354ead50fa5b6a0dc3077f821111-dirty,2026-08-29T14:30:03.508954+00:00,,236531,0.016052599996328354,236519,0.016562299977522343,215238,0.029738100012764335,216120,0.08562579998397268,227716,0.049870100017869845,229816,0.784826899995096
nat_uci_household_power_text_slice,natural_slice,uci_household_power_text@slice262144,9f1454454bcc7ef097b21c8a931794c89eda2df9b66a8424b176466e11535fc4,262144,GF2,60,196,491520,202241,1605632,12016,216,0,32,True,2.2463707999850158,0.14435970000340603,2.2463707999850158,28160,-174081,-174081,-29828,-1.0592329545454546,raw_gap-174081 comp_gap-29828,730df5d11d30354ead50fa5b6a0dc3077f821111-dirty,2026-08-29T14:30:08.028581+00:00,,42249,0.061682899977313355,42237,0.05572139998548664,28521,0.015732100000604987,28160,0.12289279999095015,32706,0.26353530000778846,29390,0.7060167999879923
nat_silesia_dickens_slice,natural_slice,silesia_dickens@slice262144,becc366f2948cfbaefb219df19f54b101a842737428b01c7538b871a35c3edf4,262144,GF2,31,225,253952,231339,1843200,7231,216,1,32,True,2.4515361999801826,0.1274037999974098,2.4515361999801826,77252,-154087,-154087,-47827,-0.6191037125252421,raw_gap-154087 comp_gap-47827,133bb60c54548a2c8dfbc73c3ecee7e669732238-dirty,2026-08-29T14:31:16.303288+00:00,,98593,0.03370629998971708,98581,0.027497700008098036,77252,0.020294399990234524,85788,0.1724609000084456,86981,0.28889209998305887,82527,0.7659173000138253
nat_silesia_mozilla_slice,natural_slice,silesia_mozilla@slice262144,1baf584ca87856e51fada5fa257864019123d57aa8b9793c097eea145ee165a6,262144,PASSTHROUGH,0,2097152,0,262162,2097152,0,112,0,32,True,2.575804699998116,0.2923919000022579,2.575804699998116,111811,-150351,-150351,-54,-0.00048295784851222154,raw_gap-150351 no_deduction header_perturbation-54,133bb60c54548a2c8dfbc73c3ecee7e669732238-dirty,2026-08-29T14:31:21.379265+00:00,,120596,0.03343779998249374,120584,0.030224099988117814,122711,0.023824500007322058,113000,0.0687208000163082,113857,0.07572200000868179,111811,0.7235504999989644
nat_silesia_mr_slice,natural_slice,silesia_mr@slice262144,288236c90013320462fbe5864774054b26334be4ee59a8bde8a9797fbc9148f7,262144,PASSTHROUGH,0,2097152,0,262162,2097152,0,112,0,32,True,1.7110044000146445,0.15333339999779128,1.7110044000146445,55898,-206264,-206264,-119,-0.002128877598482951,raw_gap-206264 no_deduction header_perturbation-119,133bb60c54548a2c8dfbc73c3ecee7e669732238-dirty,2026-08-29T14:31:25.598579+00:00,,79021,0.06805420000455342,79009,0.08041230001254007,55898,0.02581110000028275,61252,0.14979669998865575,70559,0.09282550000352785,62355,0.6441854999866337
nat_silesia_nci_slice,natural_slice,silesia_nci@slice262144,6f129b33bdf149bcdab85d1402a4f6aa4e81c0733f5fe76bb6f82bead260759e,262144,GF2,1,7,262144,229413,1835008,15,216,1,32,True,1.90531010000268,0.022151699988171458,1.90531010000268,14563,-214850,-214850,-11065,-0.7598022385497494,raw_gap-214850 comp_gap-11065,133bb60c54548a2c8dfbc73c3ecee7e669732238-dirty,2026-08-29T14:31:29.348781+00:00,,22000,0.025654299999587238,21988,0.02319579999311827,14563,0.04007299998193048,15944,0.08317510000779293,15907,0.17407639999873936,14884,0.5307691000052728
nat_silesia_ooffice_slice,natural_slice,silesia_ooffice@slice262144,41a8f0abe06c5c9e88665870be089e57c9b065bb3c27ac838cca48bcb793cb19,262144,PASSTHROUGH,0,2097152,0,262162,2097152,0,112,0,32,True,1.787111100013135,0.14206109999213368,1.787111100013135,123528,-138634,-138634,-16,-0.00012952528981283597,raw_gap-138634 no_deduction header_perturbation-16,133bb60c54548a2c8dfbc73c3ecee7e669732238-dirty,2026-08-29T14:31:33.768080+00:00,,142495,0.02477270000963472,142483,0.024011200002860278,132783,0.02026970000588335,123528,0.1745533999928739,130469,0.13738839997677132,125697,0.8655566000088584
nat_silesia_osdb_slice,natural_slice,silesia_osdb@slice262144,dfafdca22a0cc7b551554126b88105a632275c0251164b07ca47633e97d91a11,262144,PASSTHROUGH,0,2097152,0,262162,2097152,0,112,0,32,True,2.107135300000664,0.1596785000001546,2.107135300000664,82475,-179687,-179687,-19,-0.00023037284025462262,raw_gap-179687 no_deduction header_perturbation-19,133bb60c54548a2c8dfbc73c3ecee7e669732238-dirty,2026-08-29T14:31:37.905807+00:00,,98799,0.017196400003740564,98787,0.012688700022408739,82475,0.019828699994832277,84560,0.08297620000666939,91627,0.08916339999996126,83930,0.5943346999993082
nat_silesia_reymont_slice,natural_slice,silesia_reymont@slice262144,63949f06bead1d6e40964427389b88df91aaf71e8f908e2e40fb968db3d8f682,262144,GF2,1,7,262144,229413,1835008,15,216,1,32,True,2.280304099986097,0.018981600005645305,2.280304099986097,53158,-176255,-176255,-24988,-0.47007035629632415,raw_gap-176255 comp_gap-24988,133bb60c54548a2c8dfbc73c3ecee7e669732238-dirty,2026-08-29T14:31:42.062802+00:00,,72353,0.12542430000030436,72341,0.057037899998249486,53158,0.02039719998720102,62048,0.11441010000999086,63402,0.10614920000080019,62041,0.4829833000258077
nat_silesia_samba_slice,natural_slice,silesia_samba@slice262144,21c5e99f13f8cac5e099fa4c8898831d3929b068e35cae2f1a4fa424f9804d7b,262144,PASSTHROUGH,0,2097152,0,262162,2097152,0,112,0,32,True,1.796507199993357,0.16006609998294152,1.796507199993357,153153,-109009,-109009,-45,-0.00029382382323558796,raw_gap-109009 no_deduction header_perturbation-45,133bb60c54548a2c8dfbc73c3ecee7e669732238-dirty,2026-08-29T14:31:46.320605+00:00,,163070,0.013605999993160367,163058,0.013410899991868064,161546,0.025510000006761402,156704,0.0883724000013899,157923,0.09080730000277981,153153,0.6977315999974962
nat_silesia_sao_slice,natural_slice,silesia_sao@slice262144,2e897282e031856af823048d977bddaf54869d43dea72ba544bec003d353db3a,262144,PASSTHROUGH,0,2097152,0,262162,2097152,0,112,0,32,True,1.8431711999874096,0.16394149998086505,1.8431711999874096,167536,-94626,-94626,148,0.0008833922261484099,raw_gap-94626 no_deduction header_perturbation+148,133bb60c54548a2c8dfbc73c3ecee7e669732238-dirty,2026-08-29T14:31:50.841880+00:00,,195943,0.047074199974304065,195931,0.056563999998616055,182638,0.03771840000990778,167536,0.1304971000063233,187928,0.06650129999616183,173425,0.7395624999771826
nat_silesia_webster_slice,natural_slice,silesia_webster@slice262144,357ddb5945737ae814b8e6f5eb83fb1abe2d1a4cb9d76f4104a3e258f19f2208,262144,GF2,1,7,262144,229413,1835008,15,216,1,32,True,2.309385900007328,0.009753699996508658,2.309385900007328,62139,-167274,-167274,-37157,-0.5979658507539548,raw_gap-167274 comp_gap-37157,133bb60c54548a2c8dfbc73c3ecee7e669732238-dirty,2026-08-29T14:31:54.944941+00:00,,79166,0.016771100024925545,79154,0.017008199996780604,62139,0.019123400008538738,69508,0.09587319998536259,70631,0.09407500000088476,65448,0.49527970000053756
nat_silesia_x-ray_slice,natural_slice,silesia_x-ray@slice262144,51c0a846c6cbe121f3f734d32100d60fd8bdd5b79ea9506d72608665e5fef7b1,262144,GF2,58,198,475136,204255,1622016,11740,216,4,32,True,2.6184890999866184,0.13981540000531822,2.6184890999866184,129632,-74623,-74623,-57729,-0.4453298568254752,raw_gap-74623 comp_gap-57729,133bb60c54548a2c8dfbc73c3ecee7e669732238-dirty,2026-08-29T14:31:59.891564+00:00,,182634,0.013362099998630583,182622,0.012465000007068738,129632,0.021592399978544563,137292,0.07908450000104494,165393,0.06209590000798926,141029,0.9191977999871597
nat_silesia_xml_slice,natural_slice,silesia_xml@slice262144,f2bbde07c2061c09fa41e4d4998c07847fbcc23d4ab166ca105a7f66ac8cd37b,262144,GF2,1,7,262144,229413,1835008,15,216,1,32,True,2.4800056999956723,0.010037300002295524,2.4800056999956723,11559,-217854,-217854,-17365,-1.502292585863829,raw_gap-217854 comp_gap-17365,133bb60c54548a2c8dfbc73c3ecee7e669732238-dirty,2026-08-29T14:32:03.789216+00:00,,16115,0.011421900009736419,16103,0.011379500007024035,11559,0.025278399989474565,13060,0.06699359999038279,12994,0.14723770000273362,11799,0.37809280000510626
nat_enwik8_slice,natural_slice,enwik8@slice262144,0cdfd008d5327addbf5b118b4a8d616a8cc2971627727b10bfb20e97920881e7,262144,PASSTHROUGH,0,2097152,0,262162,2097152,0,112,0,32,True,1.800022799987346,0.20739019999746233,1.800022799987346,73306,-188856,-188856,-39,-0.0005320164788693968,raw_gap-188856 no_deduction header_perturbation-39,133bb60c54548a2c8dfbc73c3ecee7e669732238-dirty,2026-08-29T14:32:07.830569+00:00,,90519,0.019925499975215644,90507,0.019343499996466562,75951,0.022507899993797764,79120,0.1151403000112623,81801,0.10651819998747669,73306,0.6435952000028919
nat_sdrbench_exaalt_vx_slice,natural_slice,sdrbench_exaalt2869440_vx.f32@slice262144,4a7274ecf55ef46c2c9315898e87ecaa1604ba2478338046366856ad6cd872a2,262144,GF2,3,29,196608,237619,1900544,122,216,6,32,True,2.1152080000028946,0.017765100026736036,2.1152080000028946,226805,-10814,-10814,-10819,-0.04770177024316043,raw_gap-10814 comp_gap-10819,133bb60c54548a2c8dfbc73c3ecee7e669732238-dirty,2026-08-29T14:32:12.064188+00:00,,241886,0.014738199999555945,241874,0.014588699996238574,226805,0.027038800006266683,231732,0.08428839998668991,237689,0.035006499994779006,238394,0.6464200000045821
nat_sdrbench_exaalt_vy_slice,natural_slice,sdrbench_exaalt2869440_vy.f32@slice262144,048529c77afa1110a4c2171c4fbc89a45ea4547547d1468597081a75d08e73e7,262144,GF2,3,29,196608,237619,1900544,122,216,6,32,True,2.134681299998192,0.01662810001289472,2.134681299998192,226808,-10811,-10811,-10816,-0.04768791224295439,raw_gap-10811 comp_gap-10816,133bb60c54548a2c8dfbc73c3ecee7e669732238-dirty,2026-08-29T14:32:16.364345+00:00,,241902,0.01519240002380684,241890,0.014043000002857298,226808,0.02851360000204295,232408,0.07513260000268929,237721,0.044980600010603666,238467,0.7594461999833584
nat_sdrbench_exaalt_vz_slice,natural_slice,sdrbench_exaalt2869440_vz.f32@slice262144,97aa02f7015b4d0f17a376152e51208e1d45021d67341c1bc33e016a0f93d472,262144,GF2,3,29,196608,237619,1900544,122,216,6,32,True,2.0843494000146165,0.019033100019441918,2.0843494000146165,226655,-10964,-10964,-10969,-0.04839513798504335,raw_gap-10964 comp_gap-10969,133bb60c54548a2c8dfbc73c3ecee7e669732238-dirty,2026-08-29T14:32:20.833388+00:00,,242037,0.014763199986191466,242025,0.013797999999951571,226655,0.026994099986040965,232256,0.07343550000223331,237691,0.0421650999924168,238531,0.6258204999903683
nat_sdrbench_exaalt_xx_slice,natural_slice,sdrbench_exaalt2869440_xx.f32@slice262144,e606d0bd9463c442aebf3d6ba72ef2290e92d564c0b7cedc0512135244dabd83,262144,GF2,3,29,196608,237619,1900544,122,216,6,32,True,2.3967630000261124,0.01828449999447912,2.3967630000261124,224585,-13034,-13034,-11576,-0.05154395885744818,raw_gap-13034 comp_gap-11576,133bb60c54548a2c8dfbc73c3ecee7e669732238-dirty,2026-08-29T14:32:25.564449+00:00,,242461,0.012950100004673004,242449,0.01398920000065118,224585,0.030905099993105978,227868,0.07281939999666065,237132,0.038115100003778934,234663,0.5806276999937836
nat_sdrbench_exaalt_yy_slice,natural_slice,sdrbench_exaalt2869440_yy.f32@slice262144,faa41a228bd98532d74417ab24464a9dd7009ecdbc2d7c6c35e22d75f22b77b6,262144,GF2,29,227,237568,233342,1859584,6868,216,4,32,True,2.36518100000103,0.08687539998209104,2.36518100000103,187128,-46214,-46214,-44290,-0.23668291223120003,raw_gap-46214 comp_gap-44290,133bb60c54548a2c8dfbc73c3ecee7e669732238-dirty,2026-08-29T14:32:30.245967+00:00,,220881,0.015069199987920001,220869,0.014808800013270229,187128,0.026767700008349493,187944,0.075614500005031,205318,0.05083230001037009,217730,0.7326379000151064
nat_sdrbench_exaalt_zz_slice,natural_slice,sdrbench_exaalt2869440_zz.f32@slice262144,145a27d495fb529df112cd9422333cb07aec58147a4a7752251e439d269b1a1c,262144,GF2,3,29,196608,237619,1900544,122,216,6,32,True,2.505102100025397,0.021322500018868595,2.505102100025397,215238,-22381,-22381,-22336,-0.10377349724491028,raw_gap-22381 comp_gap-22336,133bb60c54548a2c8dfbc73c3ecee7e669732238-dirty,2026-08-29T14:32:34.847866+00:00,,236531,0.013214899983722717,236519,0.01418490000651218,215238,0.027239700022619218,216120,0.07905299999401905,227716,0.04791480000130832,229816,0.7762971000047401
nat_uci_household_power_text_slice,natural_slice,uci_household_power_text@slice262144,9f1454454bcc7ef097b21c8a931794c89eda2df9b66a8424b176466e11535fc4,262144,GF2,60,196,491520,202241,1605632,12016,216,0,32,True,2.332602400012547,0.14092489998438396,2.332602400012547,28160,-174081,-174081,-29828,-1.0592329545454546,raw_gap-174081 comp_gap-29828,133bb60c54548a2c8dfbc73c3ecee7e669732238-dirty,2026-08-29T14:32:39.369463+00:00,,42249,0.0660656999971252,42237,0.05822589999297634,28521,0.02018710001721047,28160,0.23997019999660552,32706,0.26148419998935424,29390,0.4944017000088934
nat_silesia_dickens_slice,natural_slice,silesia_dickens@slice262144,becc366f2948cfbaefb219df19f54b101a842737428b01c7538b871a35c3edf4,262144,GF2,31,225,253952,231339,1843200,7231,216,1,32,True,4.180449499981478,0.16457609998178668,4.180449499981478,77252,-154087,-154087,-47827,-0.6191037125252421,raw_gap-154087 comp_gap-47827,e89073977350ef611f91acdeaf303c5dcad9a61c-dirty,2026-08-29T14:52:11.340933+00:00,,98593,0.08385060000000522,98581,0.07946929999161512,77252,0.04771909999544732,85788,0.423092999990331,86981,0.239883899979759,82527,0.7229291000112426,-47827,-0.6191037125252421,True,True
nat_silesia_mozilla_slice,natural_slice,silesia_mozilla@slice262144,1baf584ca87856e51fada5fa257864019123d57aa8b9793c097eea145ee165a6,262144,PASSTHROUGH,0,2097152,0,262162,2097152,0,112,0,32,True,3.3471898999996483,0.24409029999515042,3.3471898999996483,111811,-150351,-150351,-54,-0.00048295784851222154,raw_gap-150351 no_deduction header_perturbation-54,e89073977350ef611f91acdeaf303c5dcad9a61c-dirty,2026-08-29T14:52:20.385891+00:00,,120596,0.036548800009768456,120584,0.0358105999766849,122711,0.027054999984102324,113000,0.11683420001645572,113857,0.10517110000364482,111811,0.8392913999850862,-54,-0.00048295784851222154,True,True
nat_silesia_mr_slice,natural_slice,silesia_mr@slice262144,288236c90013320462fbe5864774054b26334be4ee59a8bde8a9797fbc9148f7,262144,PASSTHROUGH,0,2097152,0,262162,2097152,0,112,0,32,True,3.1544519000162836,0.18380239998805337,3.1544519000162836,55898,-206264,-206264,-119,-0.002128877598482951,raw_gap-206264 no_deduction header_perturbation-119,e89073977350ef611f91acdeaf303c5dcad9a61c-dirty,2026-08-29T14:52:28.670670+00:00,,79021,0.07541829999536276,79009,0.07245269999839365,55898,0.017104200000176206,61252,0.11427510000066832,70559,0.10562480002408847,62355,0.7525636999926064,-119,-0.002128877598482951,True,True
nat_silesia_nci_slice,natural_slice,silesia_nci@slice262144,6f129b33bdf149bcdab85d1402a4f6aa4e81c0733f5fe76bb6f82bead260759e,262144,GF2,1,7,262144,229413,1835008,15,216,1,32,True,3.2609201000013854,0.013484499999321997,3.2609201000013854,14563,-214850,-214850,-11065,-0.7598022385497494,raw_gap-214850 comp_gap-11065,e89073977350ef611f91acdeaf303c5dcad9a61c-dirty,2026-08-29T14:52:35.420464+00:00,,22000,0.021770400024252012,21988,0.021027500013587996,14563,0.03352089997497387,15944,0.10239850002108142,15907,0.2511878999939654,14884,0.6438105000124779,-11065,-0.7598022385497494,True,True
nat_silesia_ooffice_slice,natural_slice,silesia_ooffice@slice262144,41a8f0abe06c5c9e88665870be089e57c9b065bb3c27ac838cca48bcb793cb19,262144,PASSTHROUGH,0,2097152,0,262162,2097152,0,112,0,32,True,6.535138199978974,0.22463670000433922,6.535138199978974,123528,-138634,-138634,-2179,-0.017639725406385597,raw_gap-138634 no_deduction header_perturbation-2179,e89073977350ef611f91acdeaf303c5dcad9a61c-dirty,2026-08-29T14:52:51.031045+00:00,,142495,0.03324620000785217,142483,0.03725150000536814,132783,0.036116400005994365,123528,0.2748505999916233,130469,0.19242579999263398,125697,1.2195108000014443,-10,-7.955639354956762e-05,False,True
nat_silesia_osdb_slice,natural_slice,silesia_osdb@slice262144,dfafdca22a0cc7b551554126b88105a632275c0251164b07ca47633e97d91a11,262144,PASSTHROUGH,0,2097152,0,262162,2097152,0,112,0,32,True,5.1807528999925125,0.23979709998820908,5.1807528999925125,82475,-179687,-179687,-19,-0.00023037284025462262,raw_gap-179687 no_deduction header_perturbation-19,e89073977350ef611f91acdeaf303c5dcad9a61c-dirty,2026-08-29T14:53:02.974648+00:00,,98799,0.02158519998192787,98787,0.021205099998041987,82475,0.03206480000517331,84560,0.25463999999919906,91627,0.3382205000089016,83930,0.9777316000254359,-19,-0.00023037284025462262,True,True
nat_silesia_reymont_slice,natural_slice,silesia_reymont@slice262144,63949f06bead1d6e40964427389b88df91aaf71e8f908e2e40fb968db3d8f682,262144,GF2,1,7,262144,229413,1835008,15,216,1,32,True,4.046836900000926,0.021096300013596192,4.046836900000926,53158,-176255,-176255,-24988,-0.47007035629632415,raw_gap-176255 comp_gap-24988,e89073977350ef611f91acdeaf303c5dcad9a61c-dirty,2026-08-29T14:53:10.572480+00:00,,72353,0.051729500002693385,72341,0.060448899981565773,53158,0.025366899993969128,62048,0.15988419999484904,63402,0.14911549998214468,62041,0.6629512000072282,-24988,-0.47007035629632415,True,True
nat_silesia_samba_slice,natural_slice,silesia_samba@slice262144,21c5e99f13f8cac5e099fa4c8898831d3929b068e35cae2f1a4fa424f9804d7b,262144,PASSTHROUGH,0,2097152,0,262162,2097152,0,112,0,32,True,2.968437100003939,0.1771766000019852,2.968437100003939,153153,-109009,-109009,-45,-0.00029382382323558796,raw_gap-109009 no_deduction header_perturbation-45,e89073977350ef611f91acdeaf303c5dcad9a61c-dirty,2026-08-29T14:53:18.405079+00:00,,163070,0.014606599987018853,163058,0.014463600004091859,161546,0.026347899984102696,156704,0.09239469998283312,157923,0.1503563999722246,153153,0.8675054000050295,-45,-0.00029382382323558796,True,True
nat_silesia_sao_slice,natural_slice,silesia_sao@slice262144,2e897282e031856af823048d977bddaf54869d43dea72ba544bec003d353db3a,262144,PASSTHROUGH,0,2097152,0,262162,2097152,0,112,0,32,True,3.202987900003791,0.26611219998449087,3.202987900003791,167536,-94626,-94626,148,0.0008833922261484099,raw_gap-94626 no_deduction header_perturbation+148,e89073977350ef611f91acdeaf303c5dcad9a61c-dirty,2026-08-29T14:53:29.674702+00:00,,195943,0.05337300000246614,195931,0.056602399999974295,182638,0.045352499990258366,167536,0.3250562000030186,187928,0.25861770001938567,173425,1.231896000012057,148,0.0008833922261484099,True,True
nat_silesia_webster_slice,natural_slice,silesia_webster@slice262144,357ddb5945737ae814b8e6f5eb83fb1abe2d1a4cb9d76f4104a3e258f19f2208,262144,GF2,1,7,262144,229413,1835008,15,216,1,32,True,4.133917099999962,0.02855489999637939,4.133917099999962,62139,-167274,-167274,-37157,-0.5979658507539548,raw_gap-167274 comp_gap-37157,e89073977350ef611f91acdeaf303c5dcad9a61c-dirty,2026-08-29T14:53:38.431224+00:00,,79166,0.024528700014343485,79154,0.03002469998318702,62139,0.022374299995135516,69508,0.18106380000244826,70631,0.21234800000092946,65448,0.8090664999908768,-37157,-0.5979658507539548,True,True
nat_silesia_x-ray_slice,natural_slice,silesia_x-ray@slice262144,51c0a846c6cbe121f3f734d32100d60fd8bdd5b79ea9506d72608665e5fef7b1,262144,GF2,58,198,475136,204255,1622016,11740,216,4,32,True,4.021747000020696,0.18090109998593107,4.021747000020696,129632,-74623,-74623,-57729,-0.4453298568254752,raw_gap-74623 comp_gap-57729,e89073977350ef611f91acdeaf303c5dcad9a61c-dirty,2026-08-29T14:53:48.277679+00:00,,182634,0.017676499992376193,182622,0.017371499998262152,129632,0.029386399983195588,137292,0.1388398999988567,165393,0.2054714999976568,141029,1.3027657000056934,-57729,-0.4453298568254752,True,True
nat_silesia_xml_slice,natural_slice,silesia_xml@slice262144,f2bbde07c2061c09fa41e4d4998c07847fbcc23d4ab166ca105a7f66ac8cd37b,262144,GF2,1,7,262144,229413,1835008,15,216,1,32,True,3.5697688999935053,0.017768399993656203,3.5697688999935053,11559,-217854,-217854,-17365,-1.502292585863829,raw_gap-217854 comp_gap-17365,e89073977350ef611f91acdeaf303c5dcad9a61c-dirty,2026-08-29T14:53:55.015532+00:00,,16115,0.0152988999907393,16103,0.013310200010892004,11559,0.02660680000553839,13060,0.07491269998718053,12994,0.20306240001809783,11799,0.5668603000231087,-17365,-1.502292585863829,True,True
nat_enwik8_slice,natural_slice,enwik8@slice262144,0cdfd008d5327addbf5b118b4a8d616a8cc2971627727b10bfb20e97920881e7,262144,PASSTHROUGH,0,2097152,0,262162,2097152,0,112,0,32,True,4.759278499986976,0.2793829000147525,4.759278499986976,73306,-188856,-188856,-39,-0.0005320164788693968,raw_gap-188856 no_deduction header_perturbation-39,e89073977350ef611f91acdeaf303c5dcad9a61c-dirty,2026-08-29T14:54:12.305590+00:00,,90519,0.027760099997976795,90507,0.02688379999017343,75951,0.037350700004026294,79120,0.3344717000145465,81801,0.3386737999971956,73306,1.7694308999925852,-39,-0.0005320164788693968,True,True
nat_sdrbench_exaalt_vx_slice,natural_slice,sdrbench_exaalt2869440_vx.f32@slice262144,4a7274ecf55ef46c2c9315898e87ecaa1604ba2478338046366856ad6cd872a2,262144,GF2,3,29,196608,237619,1900544,122,216,6,32,True,5.573910100007197,0.06761750002624467,5.573910100007197,226805,-10814,-10814,-10819,-0.04770177024316043,raw_gap-10814 comp_gap-10819,e89073977350ef611f91acdeaf303c5dcad9a61c-dirty,2026-08-29T14:54:23.426160+00:00,,241886,0.03196669998578727,241874,0.03301000001374632,226805,0.062367400008952245,231732,0.20229790001758374,237689,0.12007340000127442,238394,0.9877751999883913,-10819,-0.04770177024316043,True,True
nat_sdrbench_exaalt_vy_slice,natural_slice,sdrbench_exaalt2869440_vy.f32@slice262144,048529c77afa1110a4c2171c4fbc89a45ea4547547d1468597081a75d08e73e7,262144,GF2,3,29,196608,237619,1900544,122,216,6,32,True,3.3888562999782152,0.053759400005219504,3.3888562999782152,226808,-10811,-10811,-10816,-0.04768791224295439,raw_gap-10811 comp_gap-10816,e89073977350ef611f91acdeaf303c5dcad9a61c-dirty,2026-08-29T14:54:31.849124+00:00,,241902,0.02804960001958534,241890,0.02464630000758916,226808,0.05082010000478476,232408,0.15336769999703392,237721,0.139054799976293,238467,1.1198512999981176,-10816,-0.04768791224295439,True,True
nat_sdrbench_exaalt_vz_slice,natural_slice,sdrbench_exaalt2869440_vz.f32@slice262144,97aa02f7015b4d0f17a376152e51208e1d45021d67341c1bc33e016a0f93d472,262144,GF2,3,29,196608,237619,1900544,122,216,6,32,True,4.875886800000444,0.04497699998319149,4.875886800000444,226655,-10964,-10964,-10969,-0.04839513798504335,raw_gap-10964 comp_gap-10969,e89073977350ef611f91acdeaf303c5dcad9a61c-dirty,2026-08-29T14:54:40.766682+00:00,,242037,0.022772800002712756,242025,0.02216799999587238,226655,0.03201789999729954,232256,0.11716150000574999,237691,0.10318659999757074,238531,1.006371900002705,-10969,-0.04839513798504335,True,True
nat_sdrbench_exaalt_xx_slice,natural_slice,sdrbench_exaalt2869440_xx.f32@slice262144,e606d0bd9463c442aebf3d6ba72ef2290e92d564c0b7cedc0512135244dabd83,262144,GF2,3,29,196608,237619,1900544,122,216,6,32,True,3.8304749999952037,0.04877760002273135,3.8304749999952037,224585,-13034,-13034,-11576,-0.05154395885744818,raw_gap-13034 comp_gap-11576,e89073977350ef611f91acdeaf303c5dcad9a61c-dirty,2026-08-29T14:54:49.702707+00:00,,242461,0.020384599978569895,242449,0.01707860000897199,224585,0.0399162000103388,227868,0.12358439998934045,237132,0.07642900000791997,234663,0.8658041000016965,-11576,-0.05154395885744818,True,True
nat_sdrbench_exaalt_yy_slice,natural_slice,sdrbench_exaalt2869440_yy.f32@slice262144,faa41a228bd98532d74417ab24464a9dd7009ecdbc2d7c6c35e22d75f22b77b6,262144,GF2,29,227,237568,233342,1859584,6868,216,4,32,True,4.0681709999917075,0.16232180001679808,4.0681709999917075,187128,-46214,-46214,-44290,-0.23668291223120003,raw_gap-46214 comp_gap-44290,e89073977350ef611f91acdeaf303c5dcad9a61c-dirty,2026-08-29T14:54:59.922546+00:00,,220881,0.03027940000174567,220869,0.039393800019752234,187128,0.050813999987440184,187944,0.21521969998138957,205318,0.2798031999845989,217730,1.3515200999972876,-44290,-0.23668291223120003,True,True
nat_sdrbench_exaalt_zz_slice,natural_slice,sdrbench_exaalt2869440_zz.f32@slice262144,145a27d495fb529df112cd9422333cb07aec58147a4a7752251e439d269b1a1c,262144,GF2,3,29,196608,237619,1900544,122,216,6,32,True,6.146277099993313,0.05556760000763461,6.146277099993313,215238,-22381,-22381,-22336,-0.10377349724491028,raw_gap-22381 comp_gap-22336,e89073977350ef611f91acdeaf303c5dcad9a61c-dirty,2026-08-29T14:55:12.030511+00:00,,236531,0.037308999977540225,236519,0.03335510002216324,215238,0.06038229999830946,216120,0.2525995000032708,227716,0.2718095999734942,229816,1.4339039000042249,-22336,-0.10377349724491028,True,True
nat_uci_household_power_text_slice,natural_slice,uci_household_power_text@slice262144,9f1454454bcc7ef097b21c8a931794c89eda2df9b66a8424b176466e11535fc4,262144,GF2,60,196,491520,202241,1605632,12016,216,0,32,True,3.7413520999834873,0.20146300000487827,3.7413520999834873,28160,-174081,-174081,-29828,-1.0592329545454546,raw_gap-174081 comp_gap-29828,e89073977350ef611f91acdeaf303c5dcad9a61c-dirty,2026-08-29T14:55:20.874106+00:00,,42249,0.08551090001128614,42237,0.07250379998004064,28521,0.027438199991593137,28160,0.25052600001799874,32706,0.3554110999975819,29390,0.6376820000004955,-29828,-1.0592329545454546,True,True
